BIC,num_states
42311.61752862737,1
38663.910604151606,2
38158.088921292154,3
37736.080757303105,4
37608.39601999962,5
