BIC,num_states
79183.1856542756,1
46060.71503115894,2
41677.98027317474,3
40569.80839172156,4
40665.68286486226,5
