BIC,Group,states
18309.9173443423,Controls,1
15279.154627903345,Patients,1
18367.22516880389,Controls,2
11182.390145292795,Patients,2
11758.847899614226,Controls,3
10399.783142402404,Patients,3
11606.658352497943,Controls,4
10245.280638039023,Patients,4
11599.493433782853,Controls,5
10314.626882174065,Patients,5
