BIC,Group,states
12312.871438421567,Controls,1
11123.150780430513,Patients,1
11449.961906917366,Controls,2
10141.496483452978,Patients,2
11251.822804166666,Controls,3
9851.238278267425,Patients,3
11300.731707213112,Controls,4
9859.99979745452,Patients,4
12656.755959545859,Controls,5
9917.163712000061,Patients,5
