BIC,num_states
23362.46200304519,1
21481.140498682536,2
20955.61166427744,3
20827.780671878216,4
20658.482587319602,5
